--bang don vi
INSERT INTO DONVI (MADV, TENDV, LOAIDV, TRGDV) VALUES ('CNTT', 'Khoa Công nghệ thông tin', 'Khoa', NULL);
INSERT INTO DONVI (MADV, TENDV, LOAIDV, TRGDV) VALUES ('DIENTU', 'Khoa Điện tử viễn thông', 'Khoa', NULL);
INSERT INTO DONVI (MADV, TENDV, LOAIDV, TRGDV) VALUES ('HOA', 'Khoa Hóa học', 'Khoa', NULL);
INSERT INTO DONVI (MADV, TENDV, LOAIDV, TRGDV) VALUES ('LICHSU', 'Khoa Lịch sử', 'Khoa', NULL);
INSERT INTO DONVI (MADV, TENDV, LOAIDV, TRGDV) VALUES ('QUANTRI', 'Khoa Quản trị', 'Khoa', NULL);
INSERT INTO DONVI (MADV, TENDV, LOAIDV, TRGDV) VALUES ('XAHOI', 'Khoa Xã hội', 'Khoa', NULL);
INSERT INTO DONVI (MADV, TENDV, LOAIDV, TRGDV) VALUES ('PDT', 'Phòng Đào tạo', 'Phòng', NULL);
INSERT INTO DONVI (MADV, TENDV, LOAIDV, TRGDV) VALUES ('PKT', 'Phòng Kế toán', 'Phòng', NULL);
INSERT INTO DONVI (MADV, TENDV, LOAIDV, TRGDV) VALUES ('TCHC', 'Phòng Tổ chức hành chính', 'Phòng', NULL);
INSERT INTO DONVI (MADV, TENDV, LOAIDV, TRGDV) VALUES ('CTSV', 'Phòng Công tác sinh viên', 'Phòng', NULL);
INSERT INTO DONVI (MADV, TENDV, LOAIDV, TRGDV) VALUES ('MOITRUONG', 'Khoa Môi trường', 'Khoa', NULL);
INSERT INTO DONVI (MADV, TENDV, LOAIDV, TRGDV) VALUES ('BAOCHI', 'Khoa Báo chí', 'Khoa', NULL);
INSERT INTO DONVI (MADV, TENDV, LOAIDV, TRGDV) VALUES ('TC-KT', 'Khoa Tài chính - Kế toán', 'Khoa', NULL);
INSERT INTO DONVI (MADV, TENDV, LOAIDV, TRGDV) VALUES ('GIAODUC', 'Khoa Giáo dục', 'Khoa', NULL);
INSERT INTO DONVI (MADV, TENDV, LOAIDV, TRGDV) VALUES ('GIAODUC', 'Khoa Vật lý', 'Khoa', NULL);
--bảng học phần
EXEC insert_hocphan('HP001', N'Lập trình C', 3, 2, 1, 'CNTT');
EXEC insert_hocphan('HP002', N'Tin học đại cương', 4, 3, 1, 'CNTT');
EXEC insert_hocphan('HP003', N'Kỹ thuật số', 3, 2, 1, 'DIENTU');
EXEC insert_hocphan('HP004', N'Vi xử lý', 3, 2, 1, 'DIENTU');
EXEC insert_hocphan('HP005', N'Hóa vô cơ', 3, 2, 1, 'HOA');
EXEC insert_hocphan('HP006', N'Hóa hữu cơ', 3, 2, 1, 'HOA');
EXEC insert_hocphan('HP007', N'Lịch sử Việt Nam', 3, 2, 1, 'LICHSU');
EXEC insert_hocphan('HP008', N'Lịch sử thế giới', 3, 2, 1, 'LICHSU');
EXEC insert_hocphan('HP009', N'Kinh tế vĩ mô', 3, 2, 1, 'QUANTRI');
EXEC insert_hocphan('HP010', N'Quản trị nhân sự', 3, 2, 1, 'QUANTRI');
--bảng mở môn
INSERT INTO MOMON (MAMM, MAHP, MAGV, HK, NAM) VALUES ('MM001', 'HP001', 'NV0612', 2, 2024);
INSERT INTO MOMON (MAMM, MAHP, MAGV, HK, NAM) VALUES ('MM003', 'HP003', 'NV0613', 1, 2024);
INSERT INTO MOMON (MAMM, MAHP, MAGV, HK, NAM) VALUES ('MM004', 'HP004', 'NV0614', 2, 2024);
INSERT INTO MOMON (MAMM, MAHP, MAGV, HK, NAM) VALUES ('MM005', 'HP005', 'NV0615', 3, 2024);
INSERT INTO MOMON (MAMM, MAHP, MAGV, HK, NAM) VALUES ('MM006', 'HP006', 'NV0616', 1, 2024);
INSERT INTO MOMON (MAMM, MAHP, MAGV, HK, NAM) VALUES ('MM007', 'HP007', 'NV0617', 2, 2024);
INSERT INTO MOMON (MAMM, MAHP, MAGV, HK, NAM) VALUES ('MM008', 'HP008', 'NV0618', 3, 2024);
INSERT INTO MOMON (MAMM, MAHP, MAGV, HK, NAM) VALUES ('MM009', 'HP009', 'NV0619', 1, 2024);
INSERT INTO MOMON (MAMM, MAHP, MAGV, HK, NAM) VALUES ('MM010', 'HP010', 'NV0620', 1, 2024);
INSERT INTO MOMON (MAMM, MAHP, MAGV, HK, NAM) VALUES ('MM011', 'HP002', 'NV0621', 2, 2024);
--bảng đăng ký
INSERT INTO DANGKY (MASV, MAMM, DIEMTH, DIEMQT, DIEMCK, DIEMTK) VALUES ('SV0001', 'MM001', 8.5, 7.2, 9.0, 8.3);
INSERT INTO DANGKY (MASV, MAMM, DIEMTH, DIEMQT, DIEMCK, DIEMTK) VALUES ('SV0002', 'MM010', 7.0, 6.5, 8.0, 7.5);
INSERT INTO DANGKY (MASV, MAMM, DIEMTH, DIEMQT, DIEMCK, DIEMTK) VALUES ('SV0003', 'MM003', 9.0, 8.5, 9.5, 9.0);
INSERT INTO DANGKY (MASV, MAMM, DIEMTH, DIEMQT, DIEMCK, DIEMTK) VALUES ('SV0004', 'MM004', 6.5, 6.0, 7.5, 6.8);
INSERT INTO DANGKY (MASV, MAMM, DIEMTH, DIEMQT, DIEMCK, DIEMTK) VALUES ('SV0005', 'MM005', 8.0, 7.0, 8.5, 8.0);
INSERT INTO DANGKY (MASV, MAMM, DIEMTH, DIEMQT, DIEMCK, DIEMTK) VALUES ('SV0006', 'MM006', 7.5, 6.8, 8.0, 7.5);
INSERT INTO DANGKY (MASV, MAMM, DIEMTH, DIEMQT, DIEMCK, DIEMTK) VALUES ('SV0007', 'MM007', 9.5, 9.0, 9.8, 9.6);
INSERT INTO DANGKY (MASV, MAMM, DIEMTH, DIEMQT, DIEMCK, DIEMTK) VALUES ('SV0008', 'MM008', 6.0, 5.5, 6.5, 6.0);
INSERT INTO DANGKY (MASV, MAMM, DIEMTH, DIEMQT, DIEMCK, DIEMTK) VALUES ('SV0009', 'MM009', 7.8, 7.3, 8.2, 7.7);
INSERT INTO DANGKY (MASV, MAMM, DIEMTH, DIEMQT, DIEMCK, DIEMTK) VALUES ('SV0100', 'MM010', 8.3, 7.8, 8.9, 8.4);
